Restrição de Atendimento;Escola;Código INEP;UF;Município;Localização;Localidade Diferenciada;Categoria Administrativa;Endereço;Telefone;Dependência Administrativa;Categoria Escola Privada;Conveniada Poder Público;Regulamentação pelo Conselho de Educação;Porte da Escola;Etapas e Modalidade de Ensino Oferecidas;Outras Ofertas Educacionais;Latitude;Longitude
ESCOLA EM FUNCIONAMENTO E SEM RESTRIÇÃO DE ATENDIMENTO;CENTRO INTEGRADO DE ATIVIDADES CULTURAIS RAYMUNDO ANDRADE;32052030;ES;Cachoeiro de Itapemirim;Urbana;A escola não está em área de localização diferenciada;Privada;"RUA RUI BARBOSA, 17 CENTRO. 29300-042 Cachoeiro de Itapemirim - ES.";(28) 21014899;Privada;Particular;Não;Sim;Entre 501 e 1000 matrículas de escolarização;"Educação Infantil, Ensino Fundamental, Ensino Médio";;-20.8497;-41.11388
ESCOLA EXCLUSIVA DE ATENDIMENTO EDUCACIONAL ESPECIALIZADO;CAEE DR GILSON CARONE - APAE;32052049;ES;Cachoeiro de Itapemirim;Urbana;A escola não está em área de localização diferenciada;Privada;"RUA JOAO SASSO, 702 A 748 SAO GERALDO. 29314-650 Cachoeiro de Itapemirim - ES.";(28) 35222307;Privada;Filantrópica;Sim;Sim;Escola sem matrícula de escolarização;;Atendimento Educacional Especializado;-20.8784838;-41.1281086
ESCOLA EM FUNCIONAMENTO E SEM RESTRIÇÃO DE ATENDIMENTO;EMEB MARIA SILOTI;32052065;ES;Cachoeiro de Itapemirim;Urbana;A escola não está em área de localização diferenciada;Pública;"PRACA ADRIAO COELHO FILHO, 39 DR LUIZ TINOCO DA FONSECA. 29313-280 Cachoeiro de Itapemirim - ES.";(28) 35268910;Municipal;Não Informado;Não;Sim;Entre 201 e 500 matrículas de escolarização;Educação Infantil;Atendimento Educacional Especializado;-20.8321227;-41.1554337
ESCOLA EM FUNCIONAMENTO E SEM RESTRIÇÃO DE ATENDIMENTO;EMEB ZENI PIRES FERREIRA;32052073;ES;Cachoeiro de Itapemirim;Urbana;A escola não está em área de localização diferenciada;Pública;"RUA CORONEL LINCON VIEIRA DE REZENDE, 31 AMARAL. 29305-160 Cachoeiro de Itapemirim - ES.";(28) 35228291;Municipal;Não Informado;Não;Sim;Entre 201 e 500 matrículas de escolarização;"Educação Infantil, Ensino Fundamental";Atendimento Educacional Especializado;-20.8573014;-41.1065244
ESCOLA EM FUNCIONAMENTO E SEM RESTRIÇÃO DE ATENDIMENTO;CEEJA DE CACHOEIRO DE ITAPEMIRIM;32052081;ES;Cachoeiro de Itapemirim;Urbana;A escola não está em área de localização diferenciada;Pública;"RUA MOREIRA, 235 INDEPENDENCIA. 29306-320 Cachoeiro de Itapemirim - ES.";(28) 35225678;Estadual;Não Informado;Não;Sim;Entre 501 e 1000 matrículas de escolarização;Educação de Jovens Adultos;;-20.8538415748626;-41.1056286469102
ESCOLA EM FUNCIONAMENTO E SEM RESTRIÇÃO DE ATENDIMENTO;EMEB LIONS CLUBE FRADE E A FREIRA;32052090;ES;Cachoeiro de Itapemirim;Urbana;A escola não está em área de localização diferenciada;Pública;"RUA GODOFREDO ADIVERCI, 18 JARDIM ITAPEMIRIM. 29315-709 Cachoeiro de Itapemirim - ES.";(28) 35268688;Municipal;Não Informado;Não;Sim;Entre 201 e 500 matrículas de escolarização;Educação Infantil;Atendimento Educacional Especializado;-20.8537474;-41.1541558
ESCOLA EM FUNCIONAMENTO E SEM RESTRIÇÃO DE ATENDIMENTO;EEEM CEI ATTILA DE ALMEIDA MIRANDA;32052103;ES;Cachoeiro de Itapemirim;Urbana;A escola não está em área de localização diferenciada;Pública;"AVENIDA NOSSA SENHORA DA CONSOLACAO, 176 VILA RICA. 29301-080 Cachoeiro de Itapemirim - ES.";(28) 35224647;Estadual;Não Informado;Não;Sim;Mais de 1000 matrículas de escolarização;"Ensino Médio, Educação Profissional";Atendimento Educacional Especializado;-20.84221;-41.12875
ESCOLA EM FUNCIONAMENTO E SEM RESTRIÇÃO DE ATENDIMENTO;COLEGIO JESUS CRISTO REI;32052120;ES;Cachoeiro de Itapemirim;Urbana;A escola não está em área de localização diferenciada;Privada;"AVENIDA MONTE CASTELO, 09 INDEPENDENCIA. 29306-500 Cachoeiro de Itapemirim - ES.";(28) 35211800;Privada;Filantrópica;Não;Em Tramitação;Entre 501 e 1000 matrículas de escolarização;"Educação Infantil, Ensino Fundamental, Ensino Médio";Atendimento Educacional Especializado;-20.8487754;-41.1098569
ESCOLA EM FUNCIONAMENTO E SEM RESTRIÇÃO DE ATENDIMENTO;EMEB MARIA DAS GRACAS FELIPPE;32052138;ES;Cachoeiro de Itapemirim;Urbana;A escola não está em área de localização diferenciada;Pública;"PERCENDINO SALES, S/N DISTRITO INDUSTRIAL. SAO JOAQUIM. 29313-290 Cachoeiro de Itapemirim - ES.";(28) 35116010;Municipal;Não Informado;Não;Sim;Entre 51 e 200 matrículas de escolarização;"Educação Infantil, Ensino Fundamental";Atendimento Educacional Especializado;-20.7956556;-41.1747273
ESCOLA EM FUNCIONAMENTO E SEM RESTRIÇÃO DE ATENDIMENTO;EMEB ALBERTO SARTORIO;32052146;ES;Cachoeiro de Itapemirim;Rural;A escola não está em área de localização diferenciada;Pública;"RUA PROJETADA, SN GRUTA. 29324-000 Cachoeiro de Itapemirim - ES.";(28) 999641050;Municipal;Não Informado;Não;Sim;Entre 51 e 200 matrículas de escolarização;"Educação Infantil, Ensino Fundamental";Atendimento Educacional Especializado;-20.8415867;-41.0376518
ESCOLA PARALISADA;EEUEF MOITAOZINHO;32052154;ES;Cachoeiro de Itapemirim;Rural;Não Informado;Pública;"PRACA JERONYMO MONTEIRO, S/N, CENTRO. 29300-970 Cachoeiro de Itapemirim - ES.";(28) 35152416;Estadual;Não Informado;Não;;;;;;
ESCOLA PARALISADA;EEPEF - SANTA FE;32052162;ES;Cachoeiro de Itapemirim;Rural;Não Informado;Pública;"RUA BERNARDO HORTA, MARIA ORTIZ. 29301-440 Cachoeiro de Itapemirim - ES.";;Estadual;Não Informado;Não;;;;;;
ESCOLA EM FUNCIONAMENTO E SEM RESTRIÇÃO DE ATENDIMENTO;EEEFM AGOSTINHO SIMONATO;32052189;ES;Cachoeiro de Itapemirim;Urbana;A escola não está em área de localização diferenciada;Pública;"RUA FRANCISCO RODRIGUES ALMAGO, 01 JARDIM AMERICA. 29310-775 Cachoeiro de Itapemirim - ES.";(28) 35215030;Estadual;Não Informado;Não;Sim;Entre 501 e 1000 matrículas de escolarização;"Ensino Fundamental, Ensino Médio";Atendimento Educacional Especializado;-20.8498233;-41.1462818
ESCOLA EM FUNCIONAMENTO E SEM RESTRIÇÃO DE ATENDIMENTO;EMEB ANACLETO RAMOS;32052200;ES;Cachoeiro de Itapemirim;Urbana;A escola não está em área de localização diferenciada;Pública;"RUA MARIO IMPERIAL, 02 FERROVIARIOS. 29308-014 Cachoeiro de Itapemirim - ES.";(28) 35226370;Municipal;Não Informado;Não;Sim;Entre 501 e 1000 matrículas de escolarização;Ensino Fundamental;Atendimento Educacional Especializado;-20.8443193;-41.1128003
ESCOLA EM FUNCIONAMENTO E SEM RESTRIÇÃO DE ATENDIMENTO;EMEB ANISIO VIEIRA DE ALMEIDA RAMOS;32052219;ES;Cachoeiro de Itapemirim;Urbana;A escola não está em área de localização diferenciada;Pública;"RUA ANTONIO PEDRO CARLETO, 33 VILA RICA. 29301-200 Cachoeiro de Itapemirim - ES.";(28) 31555395;Municipal;Não Informado;Não;Sim;Entre 501 e 1000 matrículas de escolarização;Ensino Fundamental;"Atendimento Educacional Especializado, Atividade Complementar";-20.8410227;-41.1293111
ESCOLA EM FUNCIONAMENTO E SEM RESTRIÇÃO DE ATENDIMENTO;EEEF DOUTOR ARISTIDES ALEXANDRE CAMPOS;32052227;ES;Cachoeiro de Itapemirim;Urbana;A escola não está em área de localização diferenciada;Pública;"AVENIDA MONTE CASTELO, 120 INDEPENDENCIA. 29300-020 Cachoeiro de Itapemirim - ES.";(28) 35112387;Estadual;Não Informado;Não;Sim;Entre 51 e 200 matrículas de escolarização;Ensino Fundamental;;-20.8475079;-41.1074091
ESCOLA EM FUNCIONAMENTO E SEM RESTRIÇÃO DE ATENDIMENTO;EEEFM BERNARDINO MONTEIRO;32052235;ES;Cachoeiro de Itapemirim;Urbana;A escola não está em área de localização diferenciada;Pública;"RUA FRANCISCO MARTINS, 41 AMARELO. 29304-615 Cachoeiro de Itapemirim - ES.";(28) 35229751;Estadual;Não Informado;Não;Sim;Entre 201 e 500 matrículas de escolarização;"Ensino Fundamental, Educação de Jovens Adultos";Atendimento Educacional Especializado;-20.8595481;-41.1180524
ESCOLA EM FUNCIONAMENTO E SEM RESTRIÇÃO DE ATENDIMENTO;EEEFM CAROLINA PASSOS GAIGHER;32052243;ES;Cachoeiro de Itapemirim;Urbana;A escola não está em área de localização diferenciada;Pública;"RUA JOSE REBELLO, 96 PREDIO. IBITIQUARA. 29307-178 Cachoeiro de Itapemirim - ES.";(28) 35228924;Estadual;Não Informado;Não;Sim;Entre 201 e 500 matrículas de escolarização;"Ensino Fundamental, Educação de Jovens Adultos";Atendimento Educacional Especializado;-20.8448042066082;-41.108859430992
ESCOLA EM FUNCIONAMENTO E SEM RESTRIÇÃO DE ATENDIMENTO;EEEF CLUBE DO BOSQUE;32052260;ES;Cachoeiro de Itapemirim;Urbana;A escola não está em área de localização diferenciada;Pública;"RUA JORGE MARCONDES DE SOUZA, 12 PREDIO. PRESIDENTE ARTHUR DA COSTA E SILVA. 29305-811 Cachoeiro de Itapemirim - ES.";(28) 35181255;Estadual;Não Informado;Não;Sim;Entre 51 e 200 matrículas de escolarização;Ensino Fundamental;Atendimento Educacional Especializado;-20.8617793;-41.1086185
ESCOLA EM FUNCIONAMENTO E SEM RESTRIÇÃO DE ATENDIMENTO;EEEF DONA MARIA SANTANA;32052278;ES;Cachoeiro de Itapemirim;Urbana;A escola não está em área de localização diferenciada;Pública;"RUA JACINTO PASTRO, 54 BASILEIA. 29302-848 Cachoeiro de Itapemirim - ES.";(28) 30286033;Estadual;Não Informado;Não;Sim;Entre 201 e 500 matrículas de escolarização;Ensino Fundamental;Atendimento Educacional Especializado;-20.8505924;-41.1237449
ESCOLA EM FUNCIONAMENTO E SEM RESTRIÇÃO DE ATENDIMENTO;EEEF ELISEU LOFEGO;32052286;ES;Cachoeiro de Itapemirim;Urbana;A escola não está em área de localização diferenciada;Pública;"RUA APOSTOLO MATEUS, 23 RUI PINTO BANDEIRA. 29315-802 Cachoeiro de Itapemirim - ES.";(28) 35114361;Estadual;Não Informado;Não;Sim;Entre 201 e 500 matrículas de escolarização;Ensino Fundamental;Atendimento Educacional Especializado;-20.8385996;-41.1830156
ESCOLA EM FUNCIONAMENTO E SEM RESTRIÇÃO DE ATENDIMENTO;EMEB PROF DAVID ALBERTO LOSS;32052294;ES;Cachoeiro de Itapemirim;Urbana;A escola não está em área de localização diferenciada;Pública;"AVENIDA JORGE SIMAO, 60 CORAMARA. 29313-367 Cachoeiro de Itapemirim - ES.";(28) 30141090;Municipal;Não Informado;Não;Sim;Entre 201 e 500 matrículas de escolarização;Ensino Fundamental;;-20.8310754;-41.1527337
ESCOLA EM FUNCIONAMENTO E SEM RESTRIÇÃO DE ATENDIMENTO;CEEFMTI FRANCISCO COELHO AVILA JUNIOR;32052308;ES;Cachoeiro de Itapemirim;Urbana;A escola não está em área de localização diferenciada;Pública;"RUA PEDRO SILVAN, SN CORONEL BORGES. 29306-240 Cachoeiro de Itapemirim - ES.";(28) 35224197;Estadual;Não Informado;Não;Sim;Entre 501 e 1000 matrículas de escolarização;Ensino Fundamental;Atendimento Educacional Especializado;-20.853404039517;-41.0936980135739
ESCOLA EM FUNCIONAMENTO E SEM RESTRIÇÃO DE ATENDIMENTO;EEEFM FRATERNIDADE E LUZ;32052316;ES;Cachoeiro de Itapemirim;Urbana;A escola não está em área de localização diferenciada;Pública;"RUA JOAO SANTANA, 02 PRINCIPAL. SUMARE. 29304-540 Cachoeiro de Itapemirim - ES.";(28) 35224539;Estadual;Não Informado;Não;Sim;Entre 501 e 1000 matrículas de escolarização;"Ensino Fundamental, Ensino Médio";Atendimento Educacional Especializado;-20.8541985601187;-41.11223526299
ESCOLA EM FUNCIONAMENTO E SEM RESTRIÇÃO DE ATENDIMENTO;EMEB GALDINO THEODORO DA SILVA;32052324;ES;Cachoeiro de Itapemirim;Urbana;A escola não está em área de localização diferenciada;Pública;"RUA VINCENZO TEDESCO, 16 ANTIGO PREDIO CAIC. JARDIM ITAPEMIRIM. 29315-717 Cachoeiro de Itapemirim - ES.";(28) 35228295;Municipal;Não Informado;Não;Sim;Entre 501 e 1000 matrículas de escolarização;Ensino Fundamental;Atendimento Educacional Especializado;-20.85529084;-41.15318638
ESCOLA EM FUNCIONAMENTO E SEM RESTRIÇÃO DE ATENDIMENTO;EEEF GIRONDA;32052332;ES;Cachoeiro de Itapemirim;Rural;A escola não está em área de localização diferenciada;Pública;"RUA ADAO MATHIELO, SN ZONA RURAL. 29326-000 Cachoeiro de Itapemirim - ES.";;Estadual;Não Informado;Não;Sim;Entre 51 e 200 matrículas de escolarização;Ensino Fundamental;Atendimento Educacional Especializado;-20.7230016589165;-41.0828789882362
ESCOLA EM FUNCIONAMENTO E SEM RESTRIÇÃO DE ATENDIMENTO;EEEFM PROFESSORA INAH WERNECK;32052340;ES;Cachoeiro de Itapemirim;Urbana;A escola não está em área de localização diferenciada;Pública;"RUA CARIRI, 81 AQUIDABAN. 29308-210 Cachoeiro de Itapemirim - ES.";(28) 35227368;Estadual;Não Informado;Não;Sim;Mais de 1000 matrículas de escolarização;"Ensino Fundamental, Educação de Jovens Adultos";Atendimento Educacional Especializado;-20.8415364;-41.1169186
ESCOLA EM FUNCIONAMENTO E SEM RESTRIÇÃO DE ATENDIMENTO;EMEB JENNY GUARDIA;32052359;ES;Cachoeiro de Itapemirim;Urbana;A escola não está em área de localização diferenciada;Pública;"RUA JOAO SASSO, 662 ESCOLA. SAO GERALDO. 29314-650 Cachoeiro de Itapemirim - ES.";(28) 35228405;Municipal;Não Informado;Não;Sim;Entre 201 e 500 matrículas de escolarização;Ensino Fundamental;Atividade Complementar;-20.87726772;-41.12750121
ESCOLA EM FUNCIONAMENTO E SEM RESTRIÇÃO DE ATENDIMENTO;CENTRO DE ATIVIDADES JONES DOS SANTOS NEVES;32052367;ES;Cachoeiro de Itapemirim;Urbana;A escola não está em área de localização diferenciada;Privada;"AVENIDA DOMINGOS ALCINO DADALTO, 2/46 ALTO MONTE CRISTO. 29312-545 Cachoeiro de Itapemirim - ES.";(28) 35213668;Privada;Particular;Não;Sim;Mais de 1000 matrículas de escolarização;"Educação Infantil, Ensino Fundamental, Ensino Médio";;-20.8488218;-41.1488524
ESCOLA EM FUNCIONAMENTO E SEM RESTRIÇÃO DE ATENDIMENTO;EMEB JOSE TAVEIRA DOS SANTOS;32052375;ES;Cachoeiro de Itapemirim;Urbana;A escola não está em área de localização diferenciada;Pública;"RUA OLGA CONTARINI, 9 NOSSA SENHORA DE FATIMA. 29309-257 Cachoeiro de Itapemirim - ES.";;Municipal;Não Informado;Não;Sim;Entre 201 e 500 matrículas de escolarização;Ensino Fundamental;;-20.8377883;-41.111028
ESCOLA EM FUNCIONAMENTO E SEM RESTRIÇÃO DE ATENDIMENTO;EMEB JULIETA DEPS TALLON;32052383;ES;Cachoeiro de Itapemirim;Urbana;A escola não está em área de localização diferenciada;Pública;"RUA OSWALDO MALFACINI, 92 ZUMBI. 29302-050 Cachoeiro de Itapemirim - ES.";(28) 35228444;Municipal;Não Informado;Não;Sim;Entre 201 e 500 matrículas de escolarização;Ensino Fundamental;Atendimento Educacional Especializado;-20.85052894;-41.13287016
ESCOLA EM FUNCIONAMENTO E SEM RESTRIÇÃO DE ATENDIMENTO;EEEFM LIONS SEBASTIAO PAIVA VIDAURRE;32052405;ES;Cachoeiro de Itapemirim;Urbana;A escola não está em área de localização diferenciada;Pública;"PRACA ADRIAO COELHO FILHO, 18 DR LUIZ TINOCO DA FONSECA. 29313-280 Cachoeiro de Itapemirim - ES.";(28) 35214694;Estadual;Não Informado;Não;Sim;Entre 501 e 1000 matrículas de escolarização;"Ensino Fundamental, Ensino Médio, Educação de Jovens Adultos";Atendimento Educacional Especializado;-20.8324401;-41.1561586
ESCOLA EM FUNCIONAMENTO E SEM RESTRIÇÃO DE ATENDIMENTO;EMEB LUIZ PINHEIRO;32052413;ES;Cachoeiro de Itapemirim;Urbana;A escola não está em área de localização diferenciada;Pública;"AV TARGINO ATHAYDE, 08 CORONEL BORGES. 29306-220 Cachoeiro de Itapemirim - ES.";(28) 35228470;Municipal;Não Informado;Não;Sim;Entre 201 e 500 matrículas de escolarização;Ensino Fundamental;Atendimento Educacional Especializado;-20.8557005;-41.0941732
ESCOLA EM FUNCIONAMENTO E SEM RESTRIÇÃO DE ATENDIMENTO;EEEFM MARIA ANGELICA MARANGONI SANTANA;32052421;ES;Cachoeiro de Itapemirim;Urbana;A escola não está em área de localização diferenciada;Pública;"RUA WALDEMIR SIMOES, SN ZUMBI. 29302-390 Cachoeiro de Itapemirim - ES.";(28) 30272717;Estadual;Não Informado;Não;Sim;Entre 201 e 500 matrículas de escolarização;Ensino Fundamental;Atendimento Educacional Especializado;-20.8510508621112;-41.1272991355509
ESCOLA EM FUNCIONAMENTO E SEM RESTRIÇÃO DE ATENDIMENTO;EMEB Mª STAEL DE MEDEIROS TEIXEIRA;32052430;ES;Cachoeiro de Itapemirim;Urbana;A escola não está em área de localização diferenciada;Pública;"RUA WALACE DE CASTRO BARBOSA, 02 VILLAGE DA LUZ. 29309-390 Cachoeiro de Itapemirim - ES.";(28) 35228970;Municipal;Não Informado;Não;Sim;Entre 501 e 1000 matrículas de escolarização;"Educação Infantil, Ensino Fundamental";Atendimento Educacional Especializado;-20.8282168396011;-41.1156110745306
ESCOLA EM FUNCIONAMENTO E SEM RESTRIÇÃO DE ATENDIMENTO;EMEB MONTEIRO LOBATO;32052456;ES;Cachoeiro de Itapemirim;Urbana;A escola não está em área de localização diferenciada;Pública;"RUA EMILIO COELHO DA ROCHA, 08 ALTO UNIAO. 29315-080 Cachoeiro de Itapemirim - ES.";(28) 35228238;Municipal;Não Informado;Não;Sim;Entre 501 e 1000 matrículas de escolarização;Ensino Fundamental;Atendimento Educacional Especializado;-20.8801969;-41.1000038
ESCOLA PARALISADA;EMEB NEWTON BRAGA;32052480;ES;Cachoeiro de Itapemirim;Urbana;Não Informado;Pública;"RUA MARIO IMPERIAL, FERROVIARIOS. 29308-014 Cachoeiro de Itapemirim - ES.";(28) 31555623;Municipal;Não Informado;Não;;;;;-20.84446;-41.1133
ESCOLA EM FUNCIONAMENTO E SEM RESTRIÇÃO DE ATENDIMENTO;EEEFM NEWTRO FERREIRA DE ALMEIDA;32052499;ES;Cachoeiro de Itapemirim;Urbana;A escola não está em área de localização diferenciada;Pública;"RUA AGUILAR FERREIRA ATHAYDE, 83 FR MONTE BELO. 29314-775 Cachoeiro de Itapemirim - ES.";(28) 35180784;Estadual;Não Informado;Não;Sim;Entre 201 e 500 matrículas de escolarização;"Ensino Fundamental, Ensino Médio";Atendimento Educacional Especializado;-20.8755329763517;-41.1045448668301
ESCOLA EM FUNCIONAMENTO E SEM RESTRIÇÃO DE ATENDIMENTO;EMEB NOSSA SENHORA DAS GRACAS;32052502;ES;Cachoeiro de Itapemirim;Urbana;A escola não está em área de localização diferenciada;Pública;"RUA REGINA PIASSAROLO, 46 AGOSTINHO SIMONATO. 29311-756 Cachoeiro de Itapemirim - ES.";(28) 35268621;Municipal;Não Informado;Não;Sim;Entre 51 e 200 matrículas de escolarização;Ensino Fundamental;Atendimento Educacional Especializado;-20.8453853;-41.1508168
ESCOLA EM FUNCIONAMENTO E SEM RESTRIÇÃO DE ATENDIMENTO;EMEB OSWALDO MACHADO;32052510;ES;Cachoeiro de Itapemirim;Urbana;A escola não está em área de localização diferenciada;Pública;"RUA DR DEOLINDO, 134 BAIMINAS. 29305-434 Cachoeiro de Itapemirim - ES.";(28) 35228286;Municipal;Não Informado;Não;Sim;Entre 201 e 500 matrículas de escolarização;Ensino Fundamental;;-20.8569177;-41.1044301
ESCOLA EM FUNCIONAMENTO E SEM RESTRIÇÃO DE ATENDIMENTO;EEEFM PRESIDENTE GETULIO VARGAS;32052529;ES;Cachoeiro de Itapemirim;Urbana;A escola não está em área de localização diferenciada;Pública;"RUA JOAO FRANKLIN MACHADO, 40 ABELARDO FERREIRA MACHADO. 29309-274 Cachoeiro de Itapemirim - ES.";(28) 35222004;Estadual;Não Informado;Não;Sim;Mais de 1000 matrículas de escolarização;"Ensino Médio, Educação Profissional, Educação de Jovens Adultos";Atendimento Educacional Especializado;-20.8419193;-41.1144427
ESCOLA EM FUNCIONAMENTO E SEM RESTRIÇÃO DE ATENDIMENTO;EEEFM PROF CLAUDIONOR RIBEIRO;32052545;ES;Cachoeiro de Itapemirim;Urbana;A escola não está em área de localização diferenciada;Pública;"RUA BERNARDO DE ALMEIDA, 72 -. MARIA ORTIZ. 29301-470 Cachoeiro de Itapemirim - ES.";(28) 35220395;Estadual;Não Informado;Não;Sim;Entre 501 e 1000 matrículas de escolarização;"Ensino Fundamental, Ensino Médio, Educação Profissional, Educação de Jovens Adultos";Atendimento Educacional Especializado;-20.8426894946024;-41.1263074725866
ESCOLA EM FUNCIONAMENTO E SEM RESTRIÇÃO DE ATENDIMENTO;EMEB PROF ELISIO CORTES IMPERIAL;32052553;ES;Cachoeiro de Itapemirim;Urbana;A escola não está em área de localização diferenciada;Pública;"AV. MAURO MIRANDA MADUREIRA, 07 TEIXEIRA LEITE. 29310-290 Cachoeiro de Itapemirim - ES.";(28) 35228898;Municipal;Não Informado;Não;Sim;Entre 201 e 500 matrículas de escolarização;"Educação Infantil, Ensino Fundamental";Atendimento Educacional Especializado;-20.83356171;-41.1233748
ESCOLA EM FUNCIONAMENTO E SEM RESTRIÇÃO DE ATENDIMENTO;EMEB PROF FLORISBELO NEVES;32052561;ES;Cachoeiro de Itapemirim;Urbana;A escola não está em área de localização diferenciada;Pública;"AVN ARCHITICLINO PASSAMANI, 1 NOVO PARQUE. 29309-085 Cachoeiro de Itapemirim - ES.";(28) 35227944;Municipal;Não Informado;Não;Sim;Entre 201 e 500 matrículas de escolarização;Ensino Fundamental;Atendimento Educacional Especializado;-20.8352656;-41.1155697
ESCOLA EM FUNCIONAMENTO E SEM RESTRIÇÃO DE ATENDIMENTO;EMEB PROF PEDRO ESTELLITA HERKENHOFF;32052570;ES;Cachoeiro de Itapemirim;Urbana;A escola não está em área de localização diferenciada;Pública;"RUA PEDRO VARGAS, 16 WALDIR FURTADO AMORIM. 29313-780 Cachoeiro de Itapemirim - ES.";(28) 35213169;Municipal;Não Informado;Não;Sim;Mais de 1000 matrículas de escolarização;Ensino Fundamental;Atendimento Educacional Especializado;-20.8395561;-41.1577456
ESCOLA EM FUNCIONAMENTO E SEM RESTRIÇÃO DE ATENDIMENTO;EMEB PROF VALDY FREITAS;32052588;ES;Cachoeiro de Itapemirim;Urbana;A escola não está em área de localização diferenciada;Pública;"RUA JOAO FASSARELLA, 01 PARAISO. 29304-072 Cachoeiro de Itapemirim - ES.";(28) 35179664;Municipal;Não Informado;Não;Sim;Entre 201 e 500 matrículas de escolarização;Ensino Fundamental;Atendimento Educacional Especializado;-20.86289076;-41.12199121
ESCOLA EM FUNCIONAMENTO E SEM RESTRIÇÃO DE ATENDIMENTO;EEEF PROF AMELIA TOLEDO DO ROSARIO;32052596;ES;Cachoeiro de Itapemirim;Rural;A escola não está em área de localização diferenciada;Pública;"CORREGO DOS MONOS, SN ZONA RURAL. 29328-000 Cachoeiro de Itapemirim - ES.";(28) 35215127;Estadual;Não Informado;Não;Sim;Entre 201 e 500 matrículas de escolarização;Ensino Fundamental;Atendimento Educacional Especializado;-20.8685841;-41.2069727
ESCOLA EM FUNCIONAMENTO E SEM RESTRIÇÃO DE ATENDIMENTO;EEEFM PROF HOSANA SALLES;32052618;ES;Cachoeiro de Itapemirim;Urbana;A escola não está em área de localização diferenciada;Pública;"RUA HUMBERTO TIRELLO, 82 AEROPORTO. 29314-110 Cachoeiro de Itapemirim - ES.";(28) 35177045;Estadual;Não Informado;Não;Sim;Entre 501 e 1000 matrículas de escolarização;"Ensino Fundamental, Ensino Médio, Educação de Jovens Adultos";;-20.8313409;-41.1760536
ESCOLA EM FUNCIONAMENTO E SEM RESTRIÇÃO DE ATENDIMENTO;EEEFM QUINTILIANO DE AZEVEDO;32052634;ES;Cachoeiro de Itapemirim;Urbana;A escola não está em área de localização diferenciada;Pública;"RUA SAMUEL DUARTE, 02 SANTO ANTONIO. 29300-550 Cachoeiro de Itapemirim - ES.";(28) 35226520;Estadual;Não Informado;Não;Sim;Mais de 1000 matrículas de escolarização;"Ensino Fundamental, Educação de Jovens Adultos";Atendimento Educacional Especializado;-20.8463483;-41.12578
ESCOLA EM FUNCIONAMENTO E SEM RESTRIÇÃO DE ATENDIMENTO;EEEF ROTARY;32052642;ES;Cachoeiro de Itapemirim;Urbana;A escola não está em área de localização diferenciada;Pública;"RUA NELSON BORELLI, 06 OTTON MARINS. 29301-822 Cachoeiro de Itapemirim - ES.";(28) 35223542;Estadual;Não Informado;Não;Sim;Entre 201 e 500 matrículas de escolarização;Ensino Fundamental;Atendimento Educacional Especializado;-20.8481374;-41.1323211
ESCOLA EM FUNCIONAMENTO E SEM RESTRIÇÃO DE ATENDIMENTO;EEEF SANTA CECILIA;32052650;ES;Cachoeiro de Itapemirim;Urbana;A escola não está em área de localização diferenciada;Pública;"RUA CABO TAVEIRA, SN ESCOLA. SANTA CECILIA. 29307-530 Cachoeiro de Itapemirim - ES.";;Estadual;Não Informado;Não;Sim;Entre 201 e 500 matrículas de escolarização;Ensino Fundamental;Atendimento Educacional Especializado;-20.8408989;-41.1092388
ESCOLA EM FUNCIONAMENTO E SEM RESTRIÇÃO DE ATENDIMENTO;EMEB SAO FRANCISCO DE ASSIS;32052669;ES;Cachoeiro de Itapemirim;Urbana;A escola não está em área de localização diferenciada;Pública;"RUA SANTINO SAMUEL DE AGUIAR, 102 SAO FRANCISCO DE ASSIS. 29317-485 Cachoeiro de Itapemirim - ES.";(28) 35268719;Municipal;Não Informado;Não;Sim;Entre 201 e 500 matrículas de escolarização;Ensino Fundamental;Atendimento Educacional Especializado;-20.85234;-41.1414577
ESCOLA EM FUNCIONAMENTO E SEM RESTRIÇÃO DE ATENDIMENTO;EMEB PROFª JURACY CRUZ;32052677;ES;Cachoeiro de Itapemirim;Urbana;A escola não está em área de localização diferenciada;Pública;"RUA SISYPHO SARDENBERG, 96 SAO LUIZ GONZAGA. 29306-868 Cachoeiro de Itapemirim - ES.";(28) 35181467;Municipal;Não Informado;Não;Sim;Entre 201 e 500 matrículas de escolarização;"Educação Infantil, Ensino Fundamental";Atendimento Educacional Especializado;-20.8513183;-41.09194136
ESCOLA EM FUNCIONAMENTO E SEM RESTRIÇÃO DE ATENDIMENTO;EEEFM WILSON RESENDE;32052693;ES;Cachoeiro de Itapemirim;Urbana;A escola não está em área de localização diferenciada;Pública;"RUA PRACA JOSE GAVA, SN BURARAMA. 29327-000 Cachoeiro de Itapemirim - ES.";(28) 35393051;Estadual;Não Informado;Não;Sim;Entre 201 e 500 matrículas de escolarização;"Ensino Fundamental, Ensino Médio";Atendimento Educacional Especializado;-20.6806538;-41.3473509
ESCOLA PARALISADA;EMEB ZILAH LIMA DE MOURA;32052707;ES;Cachoeiro de Itapemirim;Urbana;Não Informado;Pública;"RUA JOSE PARTELLI, 11 MONTE CRISTO. 29312-025 Cachoeiro de Itapemirim - ES.";(28) 35268751;Municipal;Não Informado;Não;;;;;-20.84901;-41.15343
ESCOLA EM FUNCIONAMENTO E SEM RESTRIÇÃO DE ATENDIMENTO;EPPG BEM TE VI;32052715;ES;Cachoeiro de Itapemirim;Urbana;A escola não está em área de localização diferenciada;Privada;"RUA EDUARDO GOMES, 23 IBITIQUARA. 29307-230 Cachoeiro de Itapemirim - ES.";(28) 35222043;Privada;Particular;Não;Sim;Entre 51 e 200 matrículas de escolarização;"Educação Infantil, Ensino Fundamental";;-20.84628056;-41.11059667
ESCOLA EM FUNCIONAMENTO E SEM RESTRIÇÃO DE ATENDIMENTO;CE SAO CAMILO - ICE;32052723;ES;Cachoeiro de Itapemirim;Urbana;A escola não está em área de localização diferenciada;Privada;"RUA SAO CAMILO DE LELLIS 01, 01 PARAISO. 29304-910 Cachoeiro de Itapemirim - ES.";(28) 35265911;Privada;Filantrópica;Não;Sim;Entre 501 e 1000 matrículas de escolarização;"Educação Infantil, Ensino Fundamental, Ensino Médio";Atendimento Educacional Especializado;-20.8514637;-41.1207835
ESCOLA EM FUNCIONAMENTO E SEM RESTRIÇÃO DE ATENDIMENTO;CEEMTI LICEU MUNIZ FREIRE;32052731;ES;Cachoeiro de Itapemirim;Urbana;A escola não está em área de localização diferenciada;Pública;"RUA MOREIRA, 163 ESCOLA. INDEPENDENCIA. 29306-320 Cachoeiro de Itapemirim - ES.";(28) 35224881;Estadual;Não Informado;Não;Sim;Entre 201 e 500 matrículas de escolarização;Ensino Médio;;-20.8530326;-41.1063251
ESCOLA EM FUNCIONAMENTO E SEM RESTRIÇÃO DE ATENDIMENTO;EEEFM PROF PETRONILHA VIDIGAL;32052847;ES;Cachoeiro de Itapemirim;Urbana;A escola não está em área de localização diferenciada;Pública;"RUA BRAZ VIVACQUA, 40 ITAOCA. 29325-000 Cachoeiro de Itapemirim - ES.";(28) 35391355;Estadual;Não Informado;Não;Sim;Entre 501 e 1000 matrículas de escolarização;"Ensino Fundamental, Ensino Médio, Educação de Jovens Adultos";Atendimento Educacional Especializado;-20.728055;-41.1326816666667
ESCOLA EXCLUSIVA DE ATENDIMENTO EDUCACIONAL ESPECIALIZADO;EE EEE AUDITIVA LIONS PROF NAPOLEAO ALBUQUERQUE;32052928;ES;Cachoeiro de Itapemirim;Urbana;A escola não está em área de localização diferenciada;Pública;"RUA DR DEOLINDO, 198 BAIMINAS. 29300-020 Cachoeiro de Itapemirim - ES.";;Estadual;Não Informado;Não;Sim;Escola sem matrícula de escolarização;;Atendimento Educacional Especializado;-20.8562951;-41.105157
ESCOLA EM FUNCIONAMENTO E SEM RESTRIÇÃO DE ATENDIMENTO;CE LAURO PINHEIRO;32052936;ES;Cachoeiro de Itapemirim;Urbana;A escola não está em área de localização diferenciada;Privada;"RUA FERNANDO DE MELO PORTINHO, 07 INDEPENDENCIA. 29306-310 Cachoeiro de Itapemirim - ES.";(28) 35153500;Privada;Particular;Não;Sim;Entre 501 e 1000 matrículas de escolarização;"Educação Infantil, Ensino Fundamental, Ensino Médio";;-20.8527591;-41.1061557
ESCOLA EM FUNCIONAMENTO E SEM RESTRIÇÃO DE ATENDIMENTO;EMEB PLURIDOCENTE TIJUCA;32052944;ES;Cachoeiro de Itapemirim;Rural;A escola não está em área de localização diferenciada;Pública;"ESTRADA DA TIJUCA, S/N FINAL DA ESTRADA. AREA RURAL DE CACHOEIRO DE ITAPEMIRIM. 29320-899 Cachoeiro de Itapemirim - ES.";(28) 35214691;Municipal;Não Informado;Não;Sim;Entre 51 e 200 matrículas de escolarização;"Educação Infantil, Ensino Fundamental";;-20.9120992384851;-41.1185039207339
ESCOLA EM FUNCIONAMENTO E SEM RESTRIÇÃO DE ATENDIMENTO;EMEB OSCAR MONTENEGRO FILHO;32052995;ES;Cachoeiro de Itapemirim;Urbana;A escola não está em área de localização diferenciada;Pública;"RUA ANIZIO LAUREANO DA SILVA, 11 RECANTO. 29303-195 Cachoeiro de Itapemirim - ES.";(28) 35228599;Municipal;Não Informado;Não;Sim;Entre 201 e 500 matrículas de escolarização;"Educação Infantil, Ensino Fundamental";Atendimento Educacional Especializado;-20.8511991379976;-41.1178549938287
ESCOLA EM FUNCIONAMENTO E SEM RESTRIÇÃO DE ATENDIMENTO;INST DE PESQUISAS EDUCACIONAIS;32053045;ES;Cachoeiro de Itapemirim;Urbana;A escola não está em área de localização diferenciada;Privada;"RUA LAUDELINA LOUZADA, 46 BASILEIA. 29305-367 Cachoeiro de Itapemirim - ES.";(28) 35225310;Privada;Particular;Não;Sim;Entre 501 e 1000 matrículas de escolarização;"Educação Infantil, Ensino Fundamental";;;
ESCOLA EM FUNCIONAMENTO E SEM RESTRIÇÃO DE ATENDIMENTO;ESCOLA GUIMARAES ROSA LTDA;32053070;ES;Cachoeiro de Itapemirim;Urbana;A escola não está em área de localização diferenciada;Privada;"RUA 25 DE MARCO, 110 CENTRO. 29300-100 Cachoeiro de Itapemirim - ES.";(28) 35224339;Privada;Particular;Não;Sim;Entre 201 e 500 matrículas de escolarização;Ensino Médio;;-20.85124745965;-41.1107979342341
ESCOLA PARALISADA;EMEB UNIDOCENTE ALTO GRUTA;32053118;ES;Cachoeiro de Itapemirim;Rural;Não Informado;Pública;"AVENIDA NEWTON BRAGA, NOSSA SENHORA DA GLORIA. 29303-890 Cachoeiro de Itapemirim - ES.";;Municipal;Não Informado;Não;;;;;;
ESCOLA PARALISADA;EMEB UNIDOCENTE BAIXO GRUTA;32053126;ES;Cachoeiro de Itapemirim;Rural;Não Informado;Pública;"AVENIDA NEWTON BRAGA, BAIXO GRUTA. NOSSA SENHORA DA GLORIA. 29303-890 Cachoeiro de Itapemirim - ES.";;Municipal;Não Informado;Não;;;;;;
ESCOLA PARALISADA;EMEB UNIDOCENTE CORREGO DO BEBEDOURO;32053150;ES;Cachoeiro de Itapemirim;Rural;Não Informado;Pública;"DISTRITO CORREGO DOS MONOS, 29328-000 Cachoeiro de Itapemirim - ES.";(28) 35116010;Municipal;Não Informado;Não;;;;;-20.87181;-41.22457
ESCOLA PARALISADA;EEUEF CORREGO DO BRAS;32053169;ES;Cachoeiro de Itapemirim;Rural;Não Informado;Pública;"RUA MARIO ROMANELLI, CENTRO. 29300-020 Cachoeiro de Itapemirim - ES.";;Estadual;Não Informado;Não;;;;;;
ESCOLA PARALISADA;EMEB UNIDOCENTE FAZENDA RETIRO;32053193;ES;Cachoeiro de Itapemirim;Rural;Não Informado;Pública;"AREA RURAL, AREA RURAL DE CACHOEIRO DE ITAPEMIRIM. 29320-899 Cachoeiro de Itapemirim - ES.";;Municipal;Não Informado;Não;;;;;;
ESCOLA PARALISADA;EEUEF - FAZENDA SANTA FE;32053207;ES;Cachoeiro de Itapemirim;Rural;Não Informado;Pública;"RUA MARIO ROMANELL, CENTRO. 29300-020 Cachoeiro de Itapemirim - ES.";;Estadual;Não Informado;Não;;;;;;
ESCOLA EM FUNCIONAMENTO E SEM RESTRIÇÃO DE ATENDIMENTO;EMEB ALBERTINA MACEDO;32053290;ES;Cachoeiro de Itapemirim;Urbana;A escola não está em área de localização diferenciada;Pública;"RUA LETO ANTONIO DUARTE, 01 -. SANTA CECILIA. 29307-560 Cachoeiro de Itapemirim - ES.";(28) 35187959;Municipal;Não Informado;Não;Sim;Entre 51 e 200 matrículas de escolarização;Educação Infantil;;-20.8403847;-41.1087562
ESCOLA EM FUNCIONAMENTO E SEM RESTRIÇÃO DE ATENDIMENTO;EMEB LAURINDO SASSO;32053304;ES;Cachoeiro de Itapemirim;Urbana;A escola não está em área de localização diferenciada;Pública;"RUA PRINCIPAL, 0 GIRONDA. 29326-000 Cachoeiro de Itapemirim - ES.";(28) 35231565;Municipal;Não Informado;Não;Sim;Entre 51 e 200 matrículas de escolarização;Educação Infantil;;-20.7232407;-41.0841654
ESCOLA EM FUNCIONAMENTO E SEM RESTRIÇÃO DE ATENDIMENTO;EMEB WALDIR FURTADO AMORIM;32053312;ES;Cachoeiro de Itapemirim;Urbana;A escola não está em área de localização diferenciada;Pública;"AVENIDA RAUL NASSAR, 54 WALDIR FURTADO AMORIM. 29313-825 Cachoeiro de Itapemirim - ES.";(28) 35268805;Municipal;Não Informado;Não;Sim;Entre 51 e 200 matrículas de escolarização;Educação Infantil;;-20.8397994;-41.1582747
ESCOLA EM FUNCIONAMENTO E SEM RESTRIÇÃO DE ATENDIMENTO;EMEB ZILMA COELHO PINTO;32053320;ES;Cachoeiro de Itapemirim;Urbana;A escola não está em área de localização diferenciada;Pública;"RUA JOAO MOTA, 11 FERROVIARIOS. 29308-012 Cachoeiro de Itapemirim - ES.";(28) 35228851;Municipal;Não Informado;Não;Sim;Entre 501 e 1000 matrículas de escolarização;Educação Infantil;Atendimento Educacional Especializado;-20.845394;-41.1147237
ESCOLA PARALISADA;EMEB UNIDOCENTE ALTO CANTAGALO;32053347;ES;Cachoeiro de Itapemirim;Rural;Não Informado;Pública;"ALTO CANTAGALO, 29327-000 Cachoeiro de Itapemirim - ES.";(28) 35116010;Municipal;Não Informado;Não;;;;;;
ESCOLA PARALISADA;EEUEF - BOA CONSERVA;32053355;ES;Cachoeiro de Itapemirim;Rural;Não Informado;Pública;"BOA CONSERVA- BURARAMA, 29327-000 Cachoeiro de Itapemirim - ES.";;Estadual;Não Informado;Não;;;;;;
ESCOLA PARALISADA;EEUEF FURQUILHA;32053363;ES;Cachoeiro de Itapemirim;Rural;Não Informado;Pública;"FURQUILHA, ZONA RURAL. 29327-000 Cachoeiro de Itapemirim - ES.";;Estadual;Não Informado;Não;;;;;;
ESCOLA PARALISADA;EEUEF FAZENDA JACU;32053401;ES;Cachoeiro de Itapemirim;Rural;Não Informado;Pública;"FAZENDA JACU, 29327-000 Cachoeiro de Itapemirim - ES.";(28) 35601126;Estadual;Não Informado;Não;;;;;;
ESCOLA EM FUNCIONAMENTO E SEM RESTRIÇÃO DE ATENDIMENTO;EMEB SAO VICENTE;32053452;ES;Cachoeiro de Itapemirim;Urbana;A escola não está em área de localização diferenciada;Pública;"LOCALIDADE SAO VICENTE, SAO VICENTE. 29322-500 Cachoeiro de Itapemirim - ES.";(28) 30155515;Municipal;Não Informado;Não;Sim;Entre 51 e 200 matrículas de escolarização;"Educação Infantil, Ensino Fundamental";;-20.6600316666667;-41.089345
ESCOLA EM FUNCIONAMENTO E SEM RESTRIÇÃO DE ATENDIMENTO;EMEB UNIDOCENTE ALTO SAO VICENTE;32053495;ES;Cachoeiro de Itapemirim;Rural;A escola não está em área de localização diferenciada;Pública;"AV. JOAO CALABREZ, ALTO SAO VICENTE. 29313-290 Cachoeiro de Itapemirim - ES.";(28) 35116010;Municipal;Não Informado;Não;Sim;Até 50 matrículas de escolarização;"Educação Infantil, Ensino Fundamental";;-20.63538421;-41.08823741
ESCOLA PARALISADA;EMEB PLURIDOCENTE VALAO DE AREIA;32053614;ES;Cachoeiro de Itapemirim;Rural;Não Informado;Pública;"RUA PROJETADA, SN VALAO DE AREIA. ITAOCA PEDRA. 29325-000 Cachoeiro de Itapemirim - ES.";(28) 35391559;Municipal;Não Informado;Não;;;;;-20.72127;-41.15371
ESCOLA EM FUNCIONAMENTO E SEM RESTRIÇÃO DE ATENDIMENTO;EEEFM PROFESSOR DOMINGOS UBALDO;32053622;ES;Cachoeiro de Itapemirim;Urbana;A escola não está em área de localização diferenciada;Pública;"RUA CORONEL FRANCISCO ATHAYDE CONDURU, SN ZONA RURAL. 29329-000 Cachoeiro de Itapemirim - ES.";(28) 35395166;Estadual;Não Informado;Não;Em Tramitação;Entre 201 e 500 matrículas de escolarização;Ensino Fundamental;Atendimento Educacional Especializado;-20.6733712;-41.2071163
ESCOLA PARALISADA;EEUEF BARRA DE ITAOCA;32053630;ES;Cachoeiro de Itapemirim;Rural;Não Informado;Pública;"SALGADINHO- ITAOCA, 29325-000 Cachoeiro de Itapemirim - ES.";;Estadual;Não Informado;Não;;;;;;
ESCOLA PARALISADA;EMEB COUTINHO;32053665;ES;Cachoeiro de Itapemirim;Rural;Não Informado;Pública;"RUA CARLOS VIANNA, 0 COUTINHO. 29322-100 Cachoeiro de Itapemirim - ES.";;Municipal;Não Informado;Não;;;;;-20.7570407;-41.1948543
ESCOLA PARALISADA;EEUEF JABOTICABEIRA;32053673;ES;Cachoeiro de Itapemirim;Rural;Não Informado;Pública;"JABOTICABEIRA, 29323-000 Cachoeiro de Itapemirim - ES.";(28) 35152716;Estadual;Não Informado;Não;;;;;;
ESCOLA EM FUNCIONAMENTO E SEM RESTRIÇÃO DE ATENDIMENTO;EMEB MONTE ALEGRE;32053690;ES;Cachoeiro de Itapemirim;Rural;Área remanescente de quilombos;Pública;"RUA PROJETADA, S/Nº ZONA RURAL. MONTE ALEGRE. 29323-000 Cachoeiro de Itapemirim - ES.";;Municipal;Não Informado;Não;Sim;Entre 51 e 200 matrículas de escolarização;"Educação Infantil, Ensino Fundamental";Atendimento Educacional Especializado;-20.7341752487742;-41.2687518638027
ESCOLA PARALISADA;EEUEF SANTA TEREZINHA;32053711;ES;Cachoeiro de Itapemirim;Rural;Não Informado;Pública;"FAZENDA BANANAL, 29323-000 Cachoeiro de Itapemirim - ES.";;Estadual;Não Informado;Não;;;;;;
ESCOLA EM FUNCIONAMENTO E SEM RESTRIÇÃO DE ATENDIMENTO;EMEB LUIZ SEMPRINI;32053720;ES;Cachoeiro de Itapemirim;Urbana;A escola não está em área de localização diferenciada;Pública;"RUA DIOGO PIRES DE AMORIM, SN PACOTUBA. 29323-000 Cachoeiro de Itapemirim - ES.";(28) 35397021;Municipal;Não Informado;Não;Sim;Entre 201 e 500 matrículas de escolarização;Ensino Fundamental;"Atendimento Educacional Especializado, Atividade Complementar";-20.7641405;-41.2720618
ESCOLA PARALISADA;EEUEF - BANCA DE AREIA;32053770;ES;Cachoeiro de Itapemirim;Rural;Não Informado;Pública;"RUA DOUTOR BAPTISTA FLUMINENSE, CENTRO. 29300-130 Cachoeiro de Itapemirim - ES.";;Estadual;Não Informado;Não;;;;;;
ESCOLA PARALISADA;EEUEF - CAPOEIRAO;32053800;ES;Cachoeiro de Itapemirim;Rural;Não Informado;Pública;"CACHOEIRO DE ITAPEMIRIM-ES, 29323-000 Cachoeiro de Itapemirim - ES.";;Estadual;Não Informado;Não;;;;;;
ESCOLA PARALISADA;EEUEF COQUEIROS;32053819;ES;Cachoeiro de Itapemirim;Rural;Não Informado;Pública;"COQUEIROS, 29323-000 Cachoeiro de Itapemirim - ES.";(28) 35601106;Estadual;Não Informado;Não;;;;;;
ESCOLA PARALISADA;EEUEF - RETIRO FREITAS;32053827;ES;Cachoeiro de Itapemirim;Rural;Não Informado;Pública;"NULL RETIRO, ZONA RURAL. 29323-000 Cachoeiro de Itapemirim - ES.";;Estadual;Não Informado;Não;;;;;-20.69769;-41.27357
ESCOLA EM FUNCIONAMENTO E SEM RESTRIÇÃO DE ATENDIMENTO;EMEB SERTAO DE MONTE LIBANO;32053843;ES;Cachoeiro de Itapemirim;Rural;A escola não está em área de localização diferenciada;Pública;"RUA GENOFA AURORA COLLI BASTOS, S/N VARGEM GRANDE SOTURNO. 29325-000 Cachoeiro de Itapemirim - ES.";(28) 35391790;Municipal;Não Informado;Não;Sim;Entre 51 e 200 matrículas de escolarização;"Educação Infantil, Ensino Fundamental";;-20.7432538;-41.1055446
ESCOLA PARALISADA;EEEF ANDRE LEANDRO SILOTTI;32053851;ES;Cachoeiro de Itapemirim;Rural;Não Informado;Pública;"VARGEM GRANDE DE SOTURNO, 29321-000 Cachoeiro de Itapemirim - ES.";(28) 35241241;Estadual;Não Informado;Não;;;;;;
ESCOLA EM FUNCIONAMENTO E SEM RESTRIÇÃO DE ATENDIMENTO;EEEFM ZACHEU MOREIRA DA FRAGA;32053860;ES;Cachoeiro de Itapemirim;Rural;A escola não está em área de localização diferenciada;Pública;"RUA JOELMAR DAROS, SN PREDIO. ZONA RURAL. 29321-000 Cachoeiro de Itapemirim - ES.";(28) 35241470;Estadual;Não Informado;Não;Sim;Entre 501 e 1000 matrículas de escolarização;"Ensino Fundamental, Ensino Médio";Atendimento Educacional Especializado;-20.7633816;-41.0595082
ESCOLA PARALISADA;EEUEF - COBICA;32053916;ES;Cachoeiro de Itapemirim;Rural;Não Informado;Pública;"SOTURNO, 29321-000 Cachoeiro de Itapemirim - ES.";;Estadual;Não Informado;Não;;;;;;
ESCOLA EM FUNCIONAMENTO E SEM RESTRIÇÃO DE ATENDIMENTO;EMEB PROFª LUCILLA ARAUJO MOREIRA;32064292;ES;Cachoeiro de Itapemirim;Urbana;A escola não está em área de localização diferenciada;Pública;"RUA MARIA ROSA BRUM DE MATOS, 02 PARQUE LARANJEIRAS. 29317-020 Cachoeiro de Itapemirim - ES.";(28) 35268684;Municipal;Não Informado;Não;Sim;Entre 51 e 200 matrículas de escolarização;Educação Infantil;Atendimento Educacional Especializado;-20.84718225;-41.14294048
ESCOLA EM FUNCIONAMENTO E SEM RESTRIÇÃO DE ATENDIMENTO;EMEB CORREGO VERMELHO;32064756;ES;Cachoeiro de Itapemirim;Rural;A escola não está em área de localização diferenciada;Pública;"RUA JOSE FERNANDES, 0 CORREGO VERMELHO. ITAOCA PEDRA. 29325-000 Cachoeiro de Itapemirim - ES.";(28) 35391540;Municipal;Não Informado;Não;Sim;Entre 51 e 200 matrículas de escolarização;"Educação Infantil, Ensino Fundamental";Atendimento Educacional Especializado;-20.7182825;-41.1363806
ESCOLA PARALISADA;EEEF CENTRO OPERARIO E DE PROTECAO MUTUA;32064853;ES;Cachoeiro de Itapemirim;Urbana;Não Informado;Pública;"RUA 25 DE MARCO, CENTRO. 29300-100 Cachoeiro de Itapemirim - ES.";;Estadual;Não Informado;Não;;;;;;
ESCOLA EM FUNCIONAMENTO E SEM RESTRIÇÃO DE ATENDIMENTO;EMEB Mª DAS VICTORIAS OLIVEIRA DE ANDRADE;32064861;ES;Cachoeiro de Itapemirim;Urbana;A escola não está em área de localização diferenciada;Pública;"RUA JOSE BARBOSA, 56 JARDIM ITAPEMIRIM. 29315-722 Cachoeiro de Itapemirim - ES.";(28) 35268880;Municipal;Não Informado;Não;Sim;Entre 201 e 500 matrículas de escolarização;Educação Infantil;;-20.8554804883897;-41.1536616459489
ESCOLA EM FUNCIONAMENTO E SEM RESTRIÇÃO DE ATENDIMENTO;EMEB VIRGINIA ATHAYDE COELHO;32064896;ES;Cachoeiro de Itapemirim;Urbana;A escola não está em área de localização diferenciada;Pública;"RUA SAO PAULO, 10 ALTO AMARELO. 29304-380 Cachoeiro de Itapemirim - ES.";(28) 35228166;Municipal;Não Informado;Não;Sim;Entre 51 e 200 matrículas de escolarização;Educação Infantil;;-20.8568093;-41.1112746
ESCOLA EM FUNCIONAMENTO E SEM RESTRIÇÃO DE ATENDIMENTO;EMEB PROFª MARIA DO CARMO MAGALHAES;32064918;ES;Cachoeiro de Itapemirim;Urbana;A escola não está em área de localização diferenciada;Pública;"RUA ALCEBIADES JOAQUIM FRANCISCO, 89 NOSSA SENHORA APARECIDA. 29306-729 Cachoeiro de Itapemirim - ES.";(28) 35182353;Municipal;Não Informado;Não;Sim;Entre 51 e 200 matrículas de escolarização;"Educação Infantil, Ensino Fundamental";Atendimento Educacional Especializado;-20.8424265962094;-41.1010689754039
ESCOLA EM FUNCIONAMENTO E SEM RESTRIÇÃO DE ATENDIMENTO;EMEB PROF DEUSDEDIT BAPTISTA;32064926;ES;Cachoeiro de Itapemirim;Urbana;A escola não está em área de localização diferenciada;Pública;"RUA CORINTHA GOMES DA SILVA, 39 CORAMARA. 29313-372 Cachoeiro de Itapemirim - ES.";(28) 35268635;Municipal;Não Informado;Não;Sim;Entre 201 e 500 matrículas de escolarização;Ensino Fundamental;Atividade Complementar;-20.835171262753;-41.1495629791554
ESCOLA EM FUNCIONAMENTO E SEM RESTRIÇÃO DE ATENDIMENTO;EMEB PROFª GERCIA FERREIRA GUIMARAES;32069685;ES;Cachoeiro de Itapemirim;Urbana;A escola não está em área de localização diferenciada;Pública;"RUA JOAO DE BARRO, 08 FE E RACA. 29308-717 Cachoeiro de Itapemirim - ES.";(28) 35189430;Municipal;Não Informado;Não;Sim;Entre 501 e 1000 matrículas de escolarização;"Educação Infantil, Ensino Fundamental";Atendimento Educacional Especializado;-20.83058244;-41.12000225
ESCOLA EM FUNCIONAMENTO E SEM RESTRIÇÃO DE ATENDIMENTO;EMEB IRMA MARGARIDA;32069693;ES;Cachoeiro de Itapemirim;Urbana;A escola não está em área de localização diferenciada;Pública;"RUA LEONARDO MELLO DA SILVA, 15 MONTE BELO. 29314-797 Cachoeiro de Itapemirim - ES.";(28) 35185890;Municipal;Não Informado;Não;Sim;Entre 51 e 200 matrículas de escolarização;Educação Infantil;;-20.8769475;-41.1037738
ESCOLA EM FUNCIONAMENTO E SEM RESTRIÇÃO DE ATENDIMENTO;EMEB SATURNINO RANGEL MAURO;32069707;ES;Cachoeiro de Itapemirim;Urbana;A escola não está em área de localização diferenciada;Pública;"RUA SEBASTIAO CASTILHO, 108 ARARIGUABA. 29305-530 Cachoeiro de Itapemirim - ES.";(28) 35228798;Municipal;Não Informado;Não;Sim;Entre 51 e 200 matrículas de escolarização;Educação Infantil;;-20.8585276;-41.0969951
ESCOLA EM FUNCIONAMENTO E SEM RESTRIÇÃO DE ATENDIMENTO;EMEB DOLORES GONZALEZ VILLA;32069715;ES;Cachoeiro de Itapemirim;Urbana;A escola não está em área de localização diferenciada;Pública;"RUA JULIO CERQUEIRA, S/N CONDURU. 29329-000 Cachoeiro de Itapemirim - ES.";(28) 35395270;Municipal;Não Informado;Não;Sim;Entre 51 e 200 matrículas de escolarização;Educação Infantil;Atendimento Educacional Especializado;-20.674446;-41.2055172
ESCOLA EM FUNCIONAMENTO E SEM RESTRIÇÃO DE ATENDIMENTO;EMEB SEBASTIAO DA ROSA MACHADO;32069740;ES;Cachoeiro de Itapemirim;Urbana;A escola não está em área de localização diferenciada;Pública;"RUA FIORAVANTE SILOTTE, S/N VARGEM GRANDE DE SOTURNO. 29321-000 Cachoeiro de Itapemirim - ES.";(28) 35242351;Municipal;Não Informado;Não;Sim;Entre 201 e 500 matrículas de escolarização;Educação Infantil;;-20.7674222;-41.062216
ESCOLA EM FUNCIONAMENTO E SEM RESTRIÇÃO DE ATENDIMENTO;EMEB LUIZ MARQUES PINTO;32070217;ES;Cachoeiro de Itapemirim;Urbana;A escola não está em área de localização diferenciada;Pública;"RUA ALFREDO SECCO, 8 BOA VISTA. 29315-480 Cachoeiro de Itapemirim - ES.";(28) 35177101;Municipal;Não Informado;Não;Sim;Entre 501 e 1000 matrículas de escolarização;"Educação Infantil, Ensino Fundamental";Atendimento Educacional Especializado;-20.8348792372271;-41.1807921063155
ESCOLA EM FUNCIONAMENTO E SEM RESTRIÇÃO DE ATENDIMENTO;EMEB ZILDA SOARES MOURA;32070225;ES;Cachoeiro de Itapemirim;Urbana;A escola não está em área de localização diferenciada;Pública;"RUA PAPA PAULO VI, 16 VILLAGE DA LUZ. 29309-366 Cachoeiro de Itapemirim - ES.";(28) 35189390;Municipal;Não Informado;Não;Sim;Entre 201 e 500 matrículas de escolarização;Educação Infantil;;-20.8266707;-41.1185174
ESCOLA EM FUNCIONAMENTO E SEM RESTRIÇÃO DE ATENDIMENTO;EMEB SANDRA MONTEIRO VARGAS PIASSI;32070233;ES;Cachoeiro de Itapemirim;Urbana;A escola não está em área de localização diferenciada;Pública;"RUA CARIRIS, 42 AQUIDABAN. 29308-210 Cachoeiro de Itapemirim - ES.";(28) 35228992;Municipal;Não Informado;Não;Sim;Entre 51 e 200 matrículas de escolarização;Educação Infantil;;-20.8422265620902;-41.1175125930458
ESCOLA EM FUNCIONAMENTO E SEM RESTRIÇÃO DE ATENDIMENTO;EMEB OLGA DIAS DA COSTA MENDES;32070241;ES;Cachoeiro de Itapemirim;Urbana;A escola não está em área de localização diferenciada;Pública;"RUA JOAO VALDINO, 112 CASA. CORONEL BORGES. 29306-010 Cachoeiro de Itapemirim - ES.";(28) 35228129;Municipal;Não Informado;Não;Sim;Entre 51 e 200 matrículas de escolarização;Educação Infantil;;-20.85587779;-41.09506434
ESCOLA EM FUNCIONAMENTO E SEM RESTRIÇÃO DE ATENDIMENTO;EMEB Mª TEREZA BRANDAO DE MELLO;32070608;ES;Cachoeiro de Itapemirim;Urbana;A escola não está em área de localização diferenciada;Pública;"RUA SALATIEL FRANCISCO DA SILVA, 11 PROXIMO A SELITA. BASILEIA. 29302-868 Cachoeiro de Itapemirim - ES.";(28) 35228047;Municipal;Não Informado;Não;Sim;Entre 201 e 500 matrículas de escolarização;Educação Infantil;Atendimento Educacional Especializado;-20.8536798;-41.1231284
ESCOLA EM FUNCIONAMENTO E SEM RESTRIÇÃO DE ATENDIMENTO;EMEB Mª DAS NEVES SOARES DE ALBUQUERQUE ESPINDULA;32070616;ES;Cachoeiro de Itapemirim;Urbana;A escola não está em área de localização diferenciada;Pública;"RUA JOSE NUNES SOBRINHO, 281 ALTO UNIAO. 29315-010 Cachoeiro de Itapemirim - ES.";(28) 35228045;Municipal;Não Informado;Não;Sim;Entre 201 e 500 matrículas de escolarização;Educação Infantil;;-20.8804874;-41.0990294
ESCOLA EM FUNCIONAMENTO E SEM RESTRIÇÃO DE ATENDIMENTO;EMEB DRª RITA DE CASSIA VIEIRA VEREZA;32070624;ES;Cachoeiro de Itapemirim;Urbana;A escola não está em área de localização diferenciada;Pública;"RUA MARCIONILIO ALVES, 12 DR GILSON CARONE. 29310-562 Cachoeiro de Itapemirim - ES.";(28) 35268841;Municipal;Não Informado;Não;Sim;Entre 201 e 500 matrículas de escolarização;Educação Infantil;;-20.8386016404256;-41.1468730587512
ESCOLA EM FUNCIONAMENTO E SEM RESTRIÇÃO DE ATENDIMENTO;EMEB JOSE PINTO;32070632;ES;Cachoeiro de Itapemirim;Urbana;A escola não está em área de localização diferenciada;Pública;"RUA PEDRO VIVACQUA, S/N, S/N ITAOCA. 29325-980 Cachoeiro de Itapemirim - ES.";(28) 35391529;Municipal;Não Informado;Não;Sim;Entre 201 e 500 matrículas de escolarização;Educação Infantil;Atendimento Educacional Especializado;-20.7306816666667;-41.12923
ESCOLA EM FUNCIONAMENTO E SEM RESTRIÇÃO DE ATENDIMENTO;EMEB CARIM TANURE;32070640;ES;Cachoeiro de Itapemirim;Urbana;A escola não está em área de localização diferenciada;Pública;"RUA ALFREDO MARTINS AMARAL, 101 BAIMINAS. 29305-430 Cachoeiro de Itapemirim - ES.";(28) 35184130;Municipal;Não Informado;Não;Sim;Entre 51 e 200 matrículas de escolarização;Educação Infantil;;-20.8605746;-41.1028391
ESCOLA EM FUNCIONAMENTO E SEM RESTRIÇÃO DE ATENDIMENTO;EMEB ABIGAIL DOS SANTOS SIMOES;32070659;ES;Cachoeiro de Itapemirim;Urbana;A escola não está em área de localização diferenciada;Pública;"AVENIDA ANTHERO SOARES, S/N, S/N PACOTUBA. 29323-980 Cachoeiro de Itapemirim - ES.";(28) 35397019;Municipal;Não Informado;Não;Sim;Entre 51 e 200 matrículas de escolarização;Educação Infantil;;-20.764455;-41.2733161
ESCOLA EM FUNCIONAMENTO E SEM RESTRIÇÃO DE ATENDIMENTO;EMEB HYLSEN DARCY PERIM;32070667;ES;Cachoeiro de Itapemirim;Urbana;A escola não está em área de localização diferenciada;Pública;"RUA FERNANDO DE ABREU, S/N, BURARAMA. 29327-980 Cachoeiro de Itapemirim - ES.";(28) 35393003;Municipal;Não Informado;Não;Sim;Entre 201 e 500 matrículas de escolarização;"Educação Infantil, Ensino Fundamental";;-20.68071122;-41.34777639
ESCOLA EM FUNCIONAMENTO E SEM RESTRIÇÃO DE ATENDIMENTO;EMEB NORMILIA DA CUNHA DOS SANTOS;32070675;ES;Cachoeiro de Itapemirim;Urbana;A escola não está em área de localização diferenciada;Pública;"RUA LOURIVAL DA SILVA, 26 ZUMBI. 29302-220 Cachoeiro de Itapemirim - ES.";(28) 35219956;Municipal;Não Informado;Não;Sim;Entre 201 e 500 matrículas de escolarização;Educação Infantil;;-20.8511948;-41.1340045
ESCOLA PARALISADA;EMEB ANGELICA MAGNAGO LACHINE;32070683;ES;Cachoeiro de Itapemirim;Urbana;Não Informado;Pública;"AVENIDA FREDERICO AUGUSTO COSER, 37 AEROPORTO. 29314-045 Cachoeiro de Itapemirim - ES.";(28) 35214618;Municipal;Não Informado;Não;;;;;;
ESCOLA EM FUNCIONAMENTO E SEM RESTRIÇÃO DE ATENDIMENTO;EMEB AUREA BISPO DEPES;32070691;ES;Cachoeiro de Itapemirim;Urbana;A escola não está em área de localização diferenciada;Pública;"RUA DR OSIRIS ALMEIDA DE FREITAS, 59 VILA RICA. 29301-020 Cachoeiro de Itapemirim - ES.";(28) 35228353;Municipal;Não Informado;Não;Sim;Entre 201 e 500 matrículas de escolarização;Educação Infantil;Atendimento Educacional Especializado;-20.8397549;-41.1274837
ESCOLA EM FUNCIONAMENTO E SEM RESTRIÇÃO DE ATENDIMENTO;EMEB SIRDA ROCHA DOS SANTOS;32071612;ES;Cachoeiro de Itapemirim;Urbana;A escola não está em área de localização diferenciada;Pública;"RUA OLGA CONTARINI, 09 NOSSA SENHORA DE FATIMA. 29308-624 Cachoeiro de Itapemirim - ES.";(28) 35228135;Municipal;Não Informado;Não;Sim;Entre 201 e 500 matrículas de escolarização;Educação Infantil;;-20.8377757;-41.1113487
ESCOLA PARALISADA;EMEB SANTA TEREZINHA;32072520;ES;Cachoeiro de Itapemirim;Urbana;Não Informado;Pública;"VARGEM GRANDE DE SOTURNO, 29321-000 Cachoeiro de Itapemirim - ES.";(28) 35241885;Municipal;Não Informado;Não;;;;;;
ESCOLA EM FUNCIONAMENTO E SEM RESTRIÇÃO DE ATENDIMENTO;EMEB MARIO AUGUSTO ROCHA;32072538;ES;Cachoeiro de Itapemirim;Urbana;A escola não está em área de localização diferenciada;Pública;"RUA GASTAO PIMENTA COELHO, 58 ILHA DA LUZ. 29309-830 Cachoeiro de Itapemirim - ES.";(28) 35228120;Municipal;Não Informado;Não;Sim;Entre 51 e 200 matrículas de escolarização;Educação Infantil;;-20.8366270844955;-41.1210198619231
ESCOLA EM FUNCIONAMENTO E SEM RESTRIÇÃO DE ATENDIMENTO;EMEB AURORA ESTELLITA HERKENHOFF;32072546;ES;Cachoeiro de Itapemirim;Urbana;A escola não está em área de localização diferenciada;Pública;"RUA CARIRIS, 69 AQUIDABAN. 29308-210 Cachoeiro de Itapemirim - ES.";(28) 35227955;Municipal;Não Informado;Não;Sim;Entre 51 e 200 matrículas de escolarização;Educação Infantil;Atendimento Educacional Especializado;-20.8419445;-41.1166401
ESCOLA PARALISADA;EMEB PROF PAULO ESTELLITA HERKENHOFF;32072554;ES;Cachoeiro de Itapemirim;Urbana;Não Informado;Pública;"RUA ALVARO RAMOS, SN RECANTO. 29303-040 Cachoeiro de Itapemirim - ES.";(28) 35228378;Municipal;Não Informado;Não;;;;;;
ESCOLA EM FUNCIONAMENTO E SEM RESTRIÇÃO DE ATENDIMENTO;EMEB GOVERNADOR EURICO VIEIRA DE RESENDE;32072562;ES;Cachoeiro de Itapemirim;Urbana;A escola não está em área de localização diferenciada;Pública;"RUA PROJETADA DOIS, 1 ZUMBI. 29302-059 Cachoeiro de Itapemirim - ES.";(28) 35228150;Municipal;Não Informado;Não;Sim;Entre 51 e 200 matrículas de escolarização;Educação Infantil;Atendimento Educacional Especializado;-20.85275884;-41.1306695
ESCOLA EM FUNCIONAMENTO E SEM RESTRIÇÃO DE ATENDIMENTO;EMEB REV JADER GOMES COELHO;32072570;ES;Cachoeiro de Itapemirim;Urbana;A escola não está em área de localização diferenciada;Pública;"AVENIDA DOMINGOS ALCINO DADALTO, 271 TERREO. I B C. 29315-314 Cachoeiro de Itapemirim - ES.";(28) 35268824;Municipal;Não Informado;Não;Sim;Entre 201 e 500 matrículas de escolarização;Ensino Fundamental;Atendimento Educacional Especializado;-20.8543563;-41.1501458
ESCOLA EM FUNCIONAMENTO E SEM RESTRIÇÃO DE ATENDIMENTO;EMEB DR PEDRO NOLASCO TEIXEIRA REZENDE;32073992;ES;Cachoeiro de Itapemirim;Urbana;A escola não está em área de localização diferenciada;Pública;"RUA EDMUNDO DOS SANTOS, 60 60. PARAISO. 29304-150 Cachoeiro de Itapemirim - ES.";(28) 35216520;Municipal;Não Informado;Não;Sim;Entre 201 e 500 matrículas de escolarização;Educação Infantil;Atendimento Educacional Especializado;-20.8633304;-41.1237138
ESCOLA EM FUNCIONAMENTO E SEM RESTRIÇÃO DE ATENDIMENTO;EMEB MARIA DAS DORES PINHEIRO AMARAL;32076681;ES;Cachoeiro de Itapemirim;Urbana;A escola não está em área de localização diferenciada;Pública;"RUA EUCLIDES BAPTISTA GOMES, 55 VALAO. ELPIDIO VOLPINI. 29309-705 Cachoeiro de Itapemirim - ES.";(28) 35228657;Municipal;Não Informado;Não;Sim;Entre 201 e 500 matrículas de escolarização;"Educação Infantil, Ensino Fundamental";"Atendimento Educacional Especializado, Atividade Complementar";-20.8261334756389;-41.1295647639781
ESCOLA EM FUNCIONAMENTO E SEM RESTRIÇÃO DE ATENDIMENTO;EMEB JACOMO SILOTTI;32077106;ES;Cachoeiro de Itapemirim;Urbana;A escola não está em área de localização diferenciada;Pública;"RUA PAULO BABISKI, S/Nº VARGEM GRANDE DE SOTURNO. 29321-000 Cachoeiro de Itapemirim - ES.";(28) 35242354;Municipal;Não Informado;Não;Sim;Entre 201 e 500 matrículas de escolarização;Ensino Fundamental;Atendimento Educacional Especializado;-20.7711099;-41.067145
ESCOLA EM FUNCIONAMENTO E SEM RESTRIÇÃO DE ATENDIMENTO;EMEB PROFª IDALINA CUNHA MORAES;32077114;ES;Cachoeiro de Itapemirim;Urbana;A escola não está em área de localização diferenciada;Pública;"RUA PROFESSORA EDITH SANTANA MACHADO, 55/59 ZUMBI. 29302-190 Cachoeiro de Itapemirim - ES.";(28) 35228595;Municipal;Não Informado;Não;Sim;Entre 51 e 200 matrículas de escolarização;Educação Infantil;;-20.85212763;-41.13373806
ESCOLA EM FUNCIONAMENTO E SEM RESTRIÇÃO DE ATENDIMENTO;EMEB ALAIR TURBAY BAIAO;32077190;ES;Cachoeiro de Itapemirim;Urbana;A escola não está em área de localização diferenciada;Pública;"RUA MILETO LOUZADA, 15 OTTON MARINS. 29301-807 Cachoeiro de Itapemirim - ES.";(28) 35212262;Municipal;Não Informado;Não;Sim;Entre 201 e 500 matrículas de escolarização;Educação Infantil;;-20.8474229;-41.1361695
ESCOLA PARALISADA;EMEB PROF MANOEL GONCALVES MACIEL;32077203;ES;Cachoeiro de Itapemirim;Urbana;Não Informado;Pública;"RUA DONA BIBIANA, SANTA HELENA. 29307-015 Cachoeiro de Itapemirim - ES.";(28) 35182347;Municipal;Não Informado;Não;;;;;;
ESCOLA PARALISADA;EMEB RAUL SAMPAIO COCCO;32077211;ES;Cachoeiro de Itapemirim;Urbana;Não Informado;Pública;"RUA GILVAM ALMEIDA, S/N AGOSTINHO SIMONATO. 29311-736 Cachoeiro de Itapemirim - ES.";(28) 35268848;Municipal;Não Informado;Não;;;;;-20.84448;-41.14944
ESCOLA EM FUNCIONAMENTO E SEM RESTRIÇÃO DE ATENDIMENTO;EMEB PROFª THEREZA VALIATTI SARTORIO;32077262;ES;Cachoeiro de Itapemirim;Urbana;A escola não está em área de localização diferenciada;Pública;"RUA MANOEL FELIPE SOBRINHO, 33 BOA ESPERANCA. 29312-428 Cachoeiro de Itapemirim - ES.";(28) 35268765;Municipal;Não Informado;Não;Sim;Entre 51 e 200 matrículas de escolarização;"Educação Infantil, Ensino Fundamental";Atendimento Educacional Especializado;-20.8512971;-41.1556317
ESCOLA PARALISADA;EMEB ENA COELHO DA SILVA;32077270;ES;Cachoeiro de Itapemirim;Urbana;Não Informado;Pública;"RUA PORFIRIO BIAZATTI, S/N ELPIDIO VOLPINI. 29309-780 Cachoeiro de Itapemirim - ES.";(28) 35227948;Municipal;Não Informado;Não;;;;;;
ESCOLA EM FUNCIONAMENTO E SEM RESTRIÇÃO DE ATENDIMENTO;EMEB PE GINO ZATELLI;32077807;ES;Cachoeiro de Itapemirim;Urbana;A escola não está em área de localização diferenciada;Pública;"RUA GERALDO AMBROSIO, 138 DR GILSON CARONE. 29310-540 Cachoeiro de Itapemirim - ES.";(28) 35268747;Municipal;Não Informado;Não;Sim;Entre 201 e 500 matrículas de escolarização;"Educação Infantil, Ensino Fundamental";;-20.8391399;-41.1476034
ESCOLA EM FUNCIONAMENTO E SEM RESTRIÇÃO DE ATENDIMENTO;IFES - CAMPUS CACHOEIRO DE ITAPEMIRIM;32079583;ES;Cachoeiro de Itapemirim;Rural;A escola não está em área de localização diferenciada;Pública;"ROD. ES 482, CACHOEIRO X ALEGRE, KM 6,5., S/N CAIXA POSTAL 727. MORRO GRANDE. 29311-970 Cachoeiro de Itapemirim - ES.";(28) 35269000;Federal;Não Informado;Não;Sim;Entre 501 e 1000 matrículas de escolarização;"Ensino Médio, Educação Profissional";Atendimento Educacional Especializado;-20.8032603616805;-41.155117206
ESCOLA EM FUNCIONAMENTO E SEM RESTRIÇÃO DE ATENDIMENTO;SENAI ES - CENTRO DE EDUCACAO PROFISSIONAL AUREO VIANNA MAMERI;32079702;ES;Cachoeiro de Itapemirim;Urbana;A escola não está em área de localização diferenciada;Privada;"AVENIDA JONES DOS SANTOS NEVES, 975 ALTO MONTE CRISTO. 29312-535 Cachoeiro de Itapemirim - ES.";(28) 35224015;Privada;Particular;Não;Sim;Entre 51 e 200 matrículas de escolarização;Educação Profissional;;-20.8482127208204;-41.1492129683574
ESCOLA EM FUNCIONAMENTO E SEM RESTRIÇÃO DE ATENDIMENTO;EMEB PROFª CELY SANTOS DE OLIVEIRA;32079753;ES;Cachoeiro de Itapemirim;Urbana;A escola não está em área de localização diferenciada;Pública;"RUA EULINA JACCOND DE ANDRADE, 73 ALTO MONTE CRISTO. 29312-527 Cachoeiro de Itapemirim - ES.";(28) 35268849;Municipal;Não Informado;Não;Sim;Entre 51 e 200 matrículas de escolarização;Educação Infantil;;-20.8487157;-41.1514839
ESCOLA EM FUNCIONAMENTO E SEM RESTRIÇÃO DE ATENDIMENTO;COLEGIO EQUIPE CACHOEIRENSE;32080050;ES;Cachoeiro de Itapemirim;Urbana;A escola não está em área de localização diferenciada;Privada;"RUA MOREIRA, 208 INDEPENDENCIA. 29306-320 Cachoeiro de Itapemirim - ES.";(28) 30274232;Privada;Particular;Não;Sim;Até 50 matrículas de escolarização;Ensino Médio;;;
ESCOLA EM FUNCIONAMENTO E SEM RESTRIÇÃO DE ATENDIMENTO;IPES - ESCOLA DE SAUDE;32081499;ES;Cachoeiro de Itapemirim;Urbana;A escola não está em área de localização diferenciada;Privada;"RUA MANOEL FONSECA, 15 FERROVIARIOS. 29308-010 Cachoeiro de Itapemirim - ES.";(28) 35228132;Privada;Particular;Não;Sim;Entre 201 e 500 matrículas de escolarização;;;-20.8456131;-41.11349949
ESCOLA EM FUNCIONAMENTO E SEM RESTRIÇÃO DE ATENDIMENTO;EEFM AZEREDO;32081502;ES;Cachoeiro de Itapemirim;Urbana;A escola não está em área de localização diferenciada;Privada;"RUA HORACIO LEANDRO DE SOUZA, 204 BASILEIA. 29302-874 Cachoeiro de Itapemirim - ES.";(28) 35225310;Privada;Particular;Não;Sim;Entre 201 e 500 matrículas de escolarização;"Ensino Fundamental, Ensino Médio";;;
ESCOLA EM FUNCIONAMENTO E SEM RESTRIÇÃO DE ATENDIMENTO;EMEB PROFª ARIETTE MOULIN COSTA;32081782;ES;Cachoeiro de Itapemirim;Urbana;A escola não está em área de localização diferenciada;Pública;"RUA JOSE CLEZIO MORENO JUNIOR, 02 SAO LUCAS. 29313-714 Cachoeiro de Itapemirim - ES.";(28) 35268726;Municipal;Não Informado;Não;Sim;Entre 201 e 500 matrículas de escolarização;Educação Infantil;Atendimento Educacional Especializado;-20.845145;-41.15914
ESCOLA EM FUNCIONAMENTO E SEM RESTRIÇÃO DE ATENDIMENTO;EMEB PE JEFFERSON LUIZ DE MAGALHAES;32081790;ES;Cachoeiro de Itapemirim;Urbana;A escola não está em área de localização diferenciada;Pública;"ROD RICARDO BARBIERI, 120 BOA VISTA. 29315-442 Cachoeiro de Itapemirim - ES.";(28) 35268764;Municipal;Não Informado;Não;Sim;Entre 201 e 500 matrículas de escolarização;Educação Infantil;;-20.8337882;-41.1787689
ESCOLA EXCLUSIVA DE ATIVIDADE COMPLEMENTAR;CENTRO INTEGRADO DE ATIVIDADES EDUCACIONAIS NEWTON BRAGA;32081863;ES;Cachoeiro de Itapemirim;Urbana;A escola não está em área de localização diferenciada;Pública;"RUA MARIO IMPERIAL, 01 FERROVIARIOS. 29308-014 Cachoeiro de Itapemirim - ES.";(28) 31555623;Municipal;Não Informado;Não;Sim;Escola sem matrícula de escolarização;;Atividade Complementar;;
ESCOLA EM FUNCIONAMENTO E SEM RESTRIÇÃO DE ATENDIMENTO;UP TO DATE INSTITUTO DE ENSINO MULTILINGUE LTDA - EPP;32082363;ES;Cachoeiro de Itapemirim;Urbana;A escola não está em área de localização diferenciada;Privada;"RUA AMELIA MOLINAROLI GIRO, 57 SAO GERALDO. 29303-384 Cachoeiro de Itapemirim - ES.";(28) 999872838;Privada;Particular;Não;Em Tramitação;Entre 51 e 200 matrículas de escolarização;"Educação Infantil, Ensino Fundamental";;-20.8676798455611;-41.1240482144441
ESCOLA EM FUNCIONAMENTO E SEM RESTRIÇÃO DE ATENDIMENTO;EMEB PROFª VALERIA AQUINO VIANA;32082541;ES;Cachoeiro de Itapemirim;Urbana;A escola não está em área de localização diferenciada;Pública;"RUA DEMIR COSSI, SN ITAOCA PEDRA. 29325-000 Cachoeiro de Itapemirim - ES.";(28) 35228376;Municipal;Não Informado;Não;Sim;Entre 201 e 500 matrículas de escolarização;Ensino Fundamental;;-20.72866156;-41.13433499
ESCOLA EM FUNCIONAMENTO E SEM RESTRIÇÃO DE ATENDIMENTO;EMEB SAO JOAO DA LANCHA;32099428;ES;Cachoeiro de Itapemirim;Urbana;A escola não está em área de localização diferenciada;Pública;"ESTRADA SAO JOAO DA LANCHA, S/N SAO JOAO DA LANCHA. AREA RURAL DE CACHOEIRO DE ITAPEMIRIM. 29320-899 Cachoeiro de Itapemirim - ES.";(28) 999641050;Municipal;Não Informado;Não;Sim;Até 50 matrículas de escolarização;Educação Infantil;;-20.9070916;-41.0705303
ESCOLA EM FUNCIONAMENTO E SEM RESTRIÇÃO DE ATENDIMENTO;CENTRO EDUCACIONAL APOGEU;32101627;ES;Cachoeiro de Itapemirim;Urbana;A escola não está em área de localização diferenciada;Privada;"AVENIDA BEIRA RIO, 229 VIVA SHOPPING - 2 AN. GUANDU. 29300-765 Cachoeiro de Itapemirim - ES.";(28) 35222425;Privada;Particular;Não;Sim;Entre 201 e 500 matrículas de escolarização;;;-20.85688;-41.09968
ESCOLA PARALISADA;PRCI CACHOEIRO DE ITAPEMIRIM;32101953;ES;Cachoeiro de Itapemirim;Rural;Não Informado;Pública;"RUA MARIO ROMANELLI, CENTRO. 29300-020 Cachoeiro de Itapemirim - ES.";(28) 35242308;Estadual;Não Informado;Não;;;;;;
ESCOLA PARALISADA;SIMPLICITE EDUCACIONAL;32102097;ES;Cachoeiro de Itapemirim;Urbana;Não Informado;Privada;"AVENIDA BEIRA RIO, CENTRO. 29300-205 Cachoeiro de Itapemirim - ES.";(28) 35217892;Privada;Não Informado;Não;;;;;;
ESCOLA EM FUNCIONAMENTO E SEM RESTRIÇÃO DE ATENDIMENTO;EMEB TERESA DE AVELAR PICOLI;32104022;ES;Cachoeiro de Itapemirim;Urbana;A escola não está em área de localização diferenciada;Pública;"RUA JOSE RIBEIRO AVELAR, 353 ESCOLA. CORREGO DOS MONOS. 29328-000 Cachoeiro de Itapemirim - ES.";(28) 35119078;Municipal;Não Informado;Não;Sim;Entre 51 e 200 matrículas de escolarização;Educação Infantil;;-20.8681266666667;-41.210055
ESCOLA PARALISADA;EMEB DR JOAO DE DEUS MADUREIRA FILHO;32105010;ES;Cachoeiro de Itapemirim;Urbana;Não Informado;Pública;"RUA PLINIO VIEIRA MACHADO, 49 RUBEM BRAGA. 29309-630 Cachoeiro de Itapemirim - ES.";(28) 35216540;Municipal;Não Informado;Não;;;;;-20.82577;-41.12004
ESCOLA PARALISADA;PROGRAMA INTEGRACAO AABB COMUNIDADE;32106017;ES;Cachoeiro de Itapemirim;Urbana;Não Informado;Pública;"AVENIDA FREDERICO AUGUSTO COSER, AEROPORTO. 29314-045 Cachoeiro de Itapemirim - ES.";(28) 35212831;Municipal;Não Informado;Não;;;;;;
ESCOLA PARALISADA;SALA INSTALADA DE SANTA FE;32113005;ES;Cachoeiro de Itapemirim;Rural;Não Informado;Pública;"AREA RURAL, AREA RURAL DE CACHOEIRO DE ITAPEMIRIM. 29320-899 Cachoeiro de Itapemirim - ES.";(28) 35116010;Municipal;Não Informado;Não;;;;;;
ESCOLA PARALISADA;EMEB JOSE PEIXOTO;32122063;ES;Cachoeiro de Itapemirim;Urbana;Não Informado;Pública;"RUA CORINTO BARBOSA LIMA, VILLAGE DA LUZ. 29309-415 Cachoeiro de Itapemirim - ES.";(28) 35171871;Municipal;Não Informado;Não;;;;;;
ESCOLA EM FUNCIONAMENTO E SEM RESTRIÇÃO DE ATENDIMENTO;EMEB PROF ATHAYR CAGNIN;32123060;ES;Cachoeiro de Itapemirim;Urbana;A escola não está em área de localização diferenciada;Pública;"RUA MANOEL BELMIRO DOS SANTOS, 109 RUA PRINCIPAL. NOSSA SENHORA DE FATIMA. 29308-645 Cachoeiro de Itapemirim - ES.";(28) 31555104;Municipal;Não Informado;Não;Sim;Entre 51 e 200 matrículas de escolarização;Ensino Fundamental;Atendimento Educacional Especializado;-20.83616327;-41.11122303
ESCOLA EM FUNCIONAMENTO E SEM RESTRIÇÃO DE ATENDIMENTO;EMEB PROFª CIBELIA TEIXEIRA ZIPPINOTI;32125003;ES;Cachoeiro de Itapemirim;Urbana;A escola não está em área de localização diferenciada;Pública;"RUA CARLOS VIANA, 0 COUTINHO. 29322-100 Cachoeiro de Itapemirim - ES.";(28) 35398269;Municipal;Não Informado;Não;Sim;Entre 51 e 200 matrículas de escolarização;"Educação Infantil, Ensino Fundamental";;-20.7568969;-41.1946224
ESCOLA EM FUNCIONAMENTO E SEM RESTRIÇÃO DE ATENDIMENTO;EFA DE CACHOEIRO DE ITAPEMIRIM;32134002;ES;Cachoeiro de Itapemirim;Rural;A escola não está em área de localização diferenciada;Privada;"RUA JOAO DOMINGO ZAGO, S/N PERTO DO INCAPER. PACOTUBA. 29323-000 Cachoeiro de Itapemirim - ES.";(28) 999100585;Privada;Comunitária;Sim;Sim;Entre 51 e 200 matrículas de escolarização;"Ensino Médio, Educação Profissional";;;